{"cameraMode":{"drawMode":0,"name":"Shaded","section":"Shading Mode"},"sceneLighting":true,"audioPlay":false,"sceneViewState":{"showFog":true,"showMaterialUpdate":false,"showSkybox":true,"showFlares":true,"showImageEffects":true,"showParticleSystems":true},"in2DMode":false,"pivot":{"x":-5.966062545776367,"y":15.169140815734864,"z":102.92961120605469},"rotation":{"x":-0.31985095143318179,"y":-0.5755800604820252,"z":0.26077398657798769,"w":-0.7059744596481323},"size":40.84466552734375,"orthographic":false}